url,text,permit_id,state_code,state_name,page_number
https://permitsearch.epa.gov/oms-permit-hub/permit/da6870b0-19bc-ef11-b8e8-001dd8001877,,da6870b0-19bc-ef11-b8e8-001dd8001877,AL,Alabama,1
https://permitsearch.epa.gov/oms-permit-hub/permit/da6970b0-19bc-ef11-b8e8-001dd8001877,,da6970b0-19bc-ef11-b8e8-001dd8001877,AL,Alabama,1
https://permitsearch.epa.gov/oms-permit-hub/permit/fc6770b0-19bc-ef11-b8e8-001dd8001877,,fc6770b0-19bc-ef11-b8e8-001dd8001877,AK,Alaska,1
https://permitsearch.epa.gov/oms-permit-hub/permit/77ad68b6-19bc-ef11-b8e8-001dd8001877,,77ad68b6-19bc-ef11-b8e8-001dd8001877,AK,Alaska,1
https://permitsearch.epa.gov/oms-permit-hub/permit/d76770b0-19bc-ef11-b8e8-001dd8001877,,d76770b0-19bc-ef11-b8e8-001dd8001877,AZ,Arizona,1
https://permitsearch.epa.gov/oms-permit-hub/permit/e96a70b0-19bc-ef11-b8e8-001dd8001877,,e96a70b0-19bc-ef11-b8e8-001dd8001877,AZ,Arizona,1
https://permitsearch.epa.gov/oms-permit-hub/permit/9c6670b0-19bc-ef11-b8e8-001dd8001877,,9c6670b0-19bc-ef11-b8e8-001dd8001877,CA,California,1
https://permitsearch.epa.gov/oms-permit-hub/permit/9d6670b0-19bc-ef11-b8e8-001dd8001877,,9d6670b0-19bc-ef11-b8e8-001dd8001877,CA,California,1
https://permitsearch.epa.gov/oms-permit-hub/permit/45ad68b6-19bc-ef11-b8e8-001dd8001877,,45ad68b6-19bc-ef11-b8e8-001dd8001877,CO,Colorado,1
https://permitsearch.epa.gov/oms-permit-hub/permit/316870b0-19bc-ef11-b8e8-001dd8001877,,316870b0-19bc-ef11-b8e8-001dd8001877,CT,Connecticut,1
https://permitsearch.epa.gov/oms-permit-hub/permit/186b70b0-19bc-ef11-b8e8-001dd8001877,,186b70b0-19bc-ef11-b8e8-001dd8001877,CT,Connecticut,1
https://permitsearch.epa.gov/oms-permit-hub/permit/ff6870b0-19bc-ef11-b8e8-001dd8001877,,ff6870b0-19bc-ef11-b8e8-001dd8001877,FL,Florida,1
https://permitsearch.epa.gov/oms-permit-hub/permit/b56970b0-19bc-ef11-b8e8-001dd8001877,,b56970b0-19bc-ef11-b8e8-001dd8001877,FL,Florida,1
https://permitsearch.epa.gov/oms-permit-hub/permit/9b6670b0-19bc-ef11-b8e8-001dd8001877,,9b6670b0-19bc-ef11-b8e8-001dd8001877,GA,Georgia,1
https://permitsearch.epa.gov/oms-permit-hub/permit/146770b0-19bc-ef11-b8e8-001dd8001877,,146770b0-19bc-ef11-b8e8-001dd8001877,GA,Georgia,1
https://permitsearch.epa.gov/oms-permit-hub/permit/0b6870b0-19bc-ef11-b8e8-001dd8001877,,0b6870b0-19bc-ef11-b8e8-001dd8001877,HI,Hawaii,1
https://permitsearch.epa.gov/oms-permit-hub/permit/dfac68b6-19bc-ef11-b8e8-001dd8001877,,dfac68b6-19bc-ef11-b8e8-001dd8001877,HI,Hawaii,1
https://permitsearch.epa.gov/oms-permit-hub/permit/dbde53c8-19bc-ef11-b8e8-001dd8001877,,dbde53c8-19bc-ef11-b8e8-001dd8001877,ID,Idaho,1
https://permitsearch.epa.gov/oms-permit-hub/permit/a5df53c8-19bc-ef11-b8e8-001dd8001877,,a5df53c8-19bc-ef11-b8e8-001dd8001877,ID,Idaho,1
https://permitsearch.epa.gov/oms-permit-hub/permit/bb6670b0-19bc-ef11-b8e8-001dd8001877,,bb6670b0-19bc-ef11-b8e8-001dd8001877,KY,Kentucky,1
https://permitsearch.epa.gov/oms-permit-hub/permit/aa6770b0-19bc-ef11-b8e8-001dd8001877,,aa6770b0-19bc-ef11-b8e8-001dd8001877,KY,Kentucky,1
https://permitsearch.epa.gov/oms-permit-hub/permit/416b70b0-19bc-ef11-b8e8-001dd8001877,,416b70b0-19bc-ef11-b8e8-001dd8001877,ME,Maine,1
https://permitsearch.epa.gov/oms-permit-hub/permit/0b9a5bc2-19bc-ef11-b8e8-001dd8001877,,0b9a5bc2-19bc-ef11-b8e8-001dd8001877,ME,Maine,1
https://permitsearch.epa.gov/oms-permit-hub/permit/d36670b0-19bc-ef11-b8e8-001dd8001877,,d36670b0-19bc-ef11-b8e8-001dd8001877,MA,Massachusetts,1
https://permitsearch.epa.gov/oms-permit-hub/permit/79ad68b6-19bc-ef11-b8e8-001dd8001877,,79ad68b6-19bc-ef11-b8e8-001dd8001877,MA,Massachusetts,1
https://permitsearch.epa.gov/oms-permit-hub/permit/3013a3b9-19bc-ef11-b8e8-001dd8025644,,3013a3b9-19bc-ef11-b8e8-001dd8025644,MN,Minnesota,1
https://permitsearch.epa.gov/oms-permit-hub/permit/ee6870b0-19bc-ef11-b8e8-001dd8001877,,ee6870b0-19bc-ef11-b8e8-001dd8001877,MS,Mississippi,1
https://permitsearch.epa.gov/oms-permit-hub/permit/a16a70b0-19bc-ef11-b8e8-001dd8001877,,a16a70b0-19bc-ef11-b8e8-001dd8001877,MS,Mississippi,1
https://permitsearch.epa.gov/oms-permit-hub/permit/49cc41b8-19bc-ef11-b8e9-001dd800ba2a,,49cc41b8-19bc-ef11-b8e9-001dd800ba2a,MO,Missouri,1
https://permitsearch.epa.gov/oms-permit-hub/permit/d76670b0-19bc-ef11-b8e8-001dd8001877,,d76670b0-19bc-ef11-b8e8-001dd8001877,NV,Nevada,1
https://permitsearch.epa.gov/oms-permit-hub/permit/0cad68b6-19bc-ef11-b8e8-001dd8001877,,0cad68b6-19bc-ef11-b8e8-001dd8001877,NV,Nevada,1
https://permitsearch.epa.gov/oms-permit-hub/permit/586970b0-19bc-ef11-b8e8-001dd8001877,,586970b0-19bc-ef11-b8e8-001dd8001877,NH,New Hampshire,1
https://permitsearch.epa.gov/oms-permit-hub/permit/596970b0-19bc-ef11-b8e8-001dd8001877,,596970b0-19bc-ef11-b8e8-001dd8001877,NH,New Hampshire,1
https://permitsearch.epa.gov/oms-permit-hub/permit/0fa556a6-19bc-ef11-b8e9-001dd800ba2a,,0fa556a6-19bc-ef11-b8e9-001dd800ba2a,NM,New Mexico,1
https://permitsearch.epa.gov/oms-permit-hub/permit/f4a756a6-19bc-ef11-b8e9-001dd800ba2a,,f4a756a6-19bc-ef11-b8e9-001dd800ba2a,NM,New Mexico,1
https://permitsearch.epa.gov/oms-permit-hub/permit/9a6670b0-19bc-ef11-b8e8-001dd8001877,,9a6670b0-19bc-ef11-b8e8-001dd8001877,NC,North Carolina,1
https://permitsearch.epa.gov/oms-permit-hub/permit/596770b0-19bc-ef11-b8e8-001dd8001877,,596770b0-19bc-ef11-b8e8-001dd8001877,NC,North Carolina,1
https://permitsearch.epa.gov/oms-permit-hub/permit/6ef53ed7-19bc-ef11-b8e9-001dd8024617,,6ef53ed7-19bc-ef11-b8e9-001dd8024617,OH,Ohio,1
https://permitsearch.epa.gov/oms-permit-hub/permit/d68338b4-19bc-ef11-b8e9-001dd808322c,,d68338b4-19bc-ef11-b8e9-001dd808322c,OH,Ohio,1
https://permitsearch.epa.gov/oms-permit-hub/permit/096a70b0-19bc-ef11-b8e8-001dd8001877,,096a70b0-19bc-ef11-b8e8-001dd8001877,OR,Oregon,1
https://permitsearch.epa.gov/oms-permit-hub/permit/376a70b0-19bc-ef11-b8e8-001dd8001877,,376a70b0-19bc-ef11-b8e8-001dd8001877,OR,Oregon,1
https://permitsearch.epa.gov/oms-permit-hub/permit/e56a70b0-19bc-ef11-b8e8-001dd8001877,,e56a70b0-19bc-ef11-b8e8-001dd8001877,RI,Rhode Island,1
https://permitsearch.epa.gov/oms-permit-hub/permit/c466ebb7-27d8-ef11-8eea-001dd800ba2a,,c466ebb7-27d8-ef11-8eea-001dd800ba2a,RI,Rhode Island,1
https://permitsearch.epa.gov/oms-permit-hub/permit/ed6670b0-19bc-ef11-b8e8-001dd8001877,,ed6670b0-19bc-ef11-b8e8-001dd8001877,SC,South Carolina,1
https://permitsearch.epa.gov/oms-permit-hub/permit/166770b0-19bc-ef11-b8e8-001dd8001877,,166770b0-19bc-ef11-b8e8-001dd8001877,SC,South Carolina,1
https://permitsearch.epa.gov/oms-permit-hub/permit/326870b0-19bc-ef11-b8e8-001dd8001877,,326870b0-19bc-ef11-b8e8-001dd8001877,TN,Tennessee,1
https://permitsearch.epa.gov/oms-permit-hub/permit/0e6970b0-19bc-ef11-b8e8-001dd8001877,,0e6970b0-19bc-ef11-b8e8-001dd8001877,TN,Tennessee,1
https://permitsearch.epa.gov/oms-permit-hub/permit/b48f4bd4-19bc-ef11-b8e8-001dd8001877,,b48f4bd4-19bc-ef11-b8e8-001dd8001877,UT,Utah,1
https://permitsearch.epa.gov/oms-permit-hub/permit/606270ad-19bc-ef11-b8e9-001dd8024617,,606270ad-19bc-ef11-b8e9-001dd8024617,UT,Utah,1
https://permitsearch.epa.gov/oms-permit-hub/permit/fff060bc-19bc-ef11-b8e8-001dd8001877,,fff060bc-19bc-ef11-b8e8-001dd8001877,VT,Vermont,1
https://permitsearch.epa.gov/oms-permit-hub/permit/b0922aca-19bc-ef11-b8e9-001dd800ba2a,,b0922aca-19bc-ef11-b8e9-001dd800ba2a,VT,Vermont,1
https://permitsearch.epa.gov/oms-permit-hub/permit/e0fbc1e2-b1da-ef11-8eea-001dd800ba2a,,e0fbc1e2-b1da-ef11-8eea-001dd800ba2a,WA,Washington,1
https://permitsearch.epa.gov/oms-permit-hub/permit/e5005ca0-19bc-ef11-b8e9-001dd800ba2a,,e5005ca0-19bc-ef11-b8e9-001dd800ba2a,WA,Washington,1
